{"cameraMode":{"drawMode":2,"name":"Shaded Wireframe","section":"Shading Mode"},"sceneLighting":true,"audioPlay":false,"sceneViewState":{"showFog":false,"showMaterialUpdate":false,"showSkybox":false,"showFlares":false,"showImageEffects":true,"showParticleSystems":false},"in2DMode":false,"pivot":{"x":5.698951721191406,"y":2.2592549324035646,"z":-5.572094917297363},"rotation":{"x":0.00030536018311977386,"y":-0.9997428059577942,"z":0.017707647755742074,"w":0.01678641140460968},"size":6.670845031738281,"orthographic":false}