{"cameraMode":{"drawMode":2,"name":"Shaded Wireframe","section":"Shading Mode"},"sceneLighting":true,"audioPlay":false,"sceneViewState":{"showFog":false,"showMaterialUpdate":false,"showSkybox":false,"showFlares":false,"showImageEffects":true,"showParticleSystems":false},"in2DMode":false,"pivot":{"x":28.970531463623048,"y":-0.00106430531013757,"z":7.077931880950928},"rotation":{"x":-0.04897104203701019,"y":-0.6530385613441467,"z":0.04238232597708702,"w":-0.7545533180236816},"size":155.98126220703126,"orthographic":false}