{"cameraMode":{"drawMode":2,"name":"Shaded Wireframe","section":"Shading Mode"},"sceneLighting":true,"audioPlay":false,"sceneViewState":{"showFog":false,"showMaterialUpdate":false,"showSkybox":false,"showFlares":false,"showImageEffects":true,"showParticleSystems":false},"in2DMode":false,"pivot":{"x":0.00022872848785482347,"y":0.9900014996528626,"z":-54.796199798583987},"rotation":{"x":-0.031230587512254716,"y":-0.5094248652458191,"z":0.018506117165088655,"w":-0.8597584366798401},"size":22.0,"orthographic":false}