{"cameraMode":{"drawMode":0,"name":"Shaded","section":"Shading Mode"},"sceneLighting":true,"audioPlay":false,"sceneViewState":{"showFog":false,"showMaterialUpdate":false,"showSkybox":false,"showFlares":false,"showImageEffects":true,"showParticleSystems":false},"in2DMode":false,"pivot":{"x":403.47509765625,"y":-96.97959899902344,"z":681.4273681640625},"rotation":{"x":0.15232548117637635,"y":0.6739019155502319,"z":-0.14489960670471192,"w":0.7083212733268738},"size":460.04498291015627,"orthographic":false}