{"cameraMode":{"drawMode":2,"name":"Shaded Wireframe","section":"Shading Mode"},"sceneLighting":true,"audioPlay":false,"sceneViewState":{"showFog":false,"showMaterialUpdate":false,"showSkybox":false,"showFlares":false,"showImageEffects":true,"showParticleSystems":false},"in2DMode":false,"pivot":{"x":-1.571020245552063,"y":0.6216567754745483,"z":-0.9794530868530273},"rotation":{"x":-0.05869298800826073,"y":0.05298008397221565,"z":-0.003119260771200061,"w":-0.9968672394752502},"size":14.58462905883789,"orthographic":false}